fips,year,cover_crop_ratio
19001,2017,0.628674122932798
19001,2022,0.5635962521170886
19003,2017,0.06262371267104622
19003,2022,0.07372120987882712
19005,2017,0.15671737256319698
19005,2022,0.2176412632196799
19007,2017,0.09753145199686893
19007,2022,0.11187676387582314
19009,2017,0.024878057308694208
19009,2022,0.03144737517758417
